formula,processing,phase,phase structure
AgAlCoCrCuNi,AC,SS+IM,2FCC+B2
AgCoCrFeMnNi,AC,SS,2FCC
Al0.02CoCrFeMnNi,AC,SS,FCC
Al0.03CoCrFeMnNi,AC,SS,FCC
Al0.04CoCrFeMnNi,AC,SS,FCC
Al0.08CoCrFeMnNi,AC,SS,FCC
Al0.09CoCrFeMnNi,AC,IM,BCC+FCC+B2
Al0.10CoCrFeMnNi,AC,IM,BCC+FCC+B2
Al0.11CoCrFeMnNi,AC,IM,BCC+FCC+B2
Al0.125CoCrCuFeMnNiTiV,AC,SS,BCC+FCC
Al0.125CoCrCuFeNiTiMnV,AC,SS,BCC+FCC
Al0.12CoCrFeMnNi,AC,IM,BCC+FCC+B2
Al0.14CoCrFeMnNi,AC,IM,BCC+FCC+B2
Al0.15CoCrFeMnNi,AC,IM,BCC+FCC+B2
Al0.15CrFe1.5Ni0.5,AC,SS,BCC
Al0.16CoCrFeMnNi,AC,IM,BCC+B2
Al0.18CoCrFeMnNi,AC,IM,BCC+B2
Al0.19CoCrFeMnNi,AC,IM,BCC+B2
Al0.1CoCrFeMnNi,AC,SS,FCC
Al0.1CoCrFeNi,AC,SS,FCC
Al0.1CoFeNiSi0.1,AC,SS,FCC
Al0.1CrFe2Mn1.25Ni0.75,AC,SS+IM,BCC+FCC+B2
Al0.24NbTiVZr,"AC+1400C/276MPa/2h+14
00C/6h",SS+IM,BCC+C14
Al0.25CoCrCu0.75FeNi,AC,SS,FCC
Al0.25CoCrCu0.75FeNiTi0.5,AC,SS,2FCC
Al0.25CoCrCuFeMnNiTiV,AC,SS,BCC
Al0.25CoCrCuFeNiTiMnV,AC,SS,BCC
Al0.25CoCrFeMnNi,AC,IM,BCC+B2
Al0.25CoCrFeNi,AC,SS,FCC
Al0.25CoFeMn0.25Ni,AC,SS,FCC
Al0.25CoFeNi,AC,SS,FCC
Al0.25MoNbTiV,AC,SS,BCC
Al0.25NbTaTiV,AC,SS,BCC
Al0.2Co1.5CrFeNi1.5Ti,AC,SS+IM,FCC+D024
Al0.2Co1.5CrFeNi1.5Ti0.3,AC,IM,Im
Al0.2Co1.5CrFeNi1.5Ti0.5,AC,SS,FCC
Al0.2CoCrCu0.2FeNi2,"AC+1200C/24h+CR+700C/
20h",SS+IM,FCC+L12
Al0.2CoCrFeMnNi,AC,SS,FCC
Al0.2CoCu0.2FeNi,AC,SS,FCC
Al0.2CoFeNiSi0.2,AC,SS,FCC
Al0.2CrCuFeNi,AC,SS,FCC
Al0.2CrCuFeNi2,AC,SS,FCC
Al0.2CrFe1.5Ni0.5,AC,SS,BCC
Al0.2CrFeCoNi2Cu0.2,AC,IM,Im
Al0.2MoTaTiV,AC,SS,BCC
Al0.32CrFe2Mn1.25Ni0.75,AC,SS+IM,BCC+FCC+B2
Al0.348CoCrFeNi,AC,SS+IM,FCC+BCC+B2
Al0.375CoCrFeNi,AC,SS,FCC
Al0.38CoCrFeMnNi,AC,SS,FCC
Al0.3CoCr2FeNi,AC,SS+IM,BCC+FCC+σ
Al0.3CoCrCu0.5FeNi,AC,SS+IM,FCC+L12
Al0.3CoCrCuFeNi,AC,SS,FCC
Al0.3CoCrFeMo0.1Ni,AC,SS,FCC
Al0.3CoCrFeNi,AC,SS+IM,FCC+L12
Al0.3CoCrFeNiTi0.1,AC,SS,FCC
Al0.3CoCrFeNiTi0.2,AC+700C/144h/WQ,SS+IM,FCC+B2
Al0.3CoCu0.7FeNi,AC,SS,FCC
Al0.3CoFeNiSi0.3,AC,SS,FCC+BCC
Al0.3CrCuFeMnNi,AC,SS,BCC+2FCC
Al0.3CrCuFeNi2,AC,SS,2FCC
Al0.3CrCuFeNi3,AC+CR(20%)+1000C/3h,SS,FCC
Al0.3CrCuFeNi4,"AC+CR(20%)+1000C/3h+5
50C/150h",SS+IM,FCC+L12
Al0.3CrCuFeNi5,"AC+CR(20%)+1000C/3h+7
000C/50h",SS+IM,FCC+L12
Al0.3CrCuFeNi6,"AC+CR(20%)+1000C/3h+8
000C/20h",SS+IM,FCC+L12
Al0.3CrCuFeNi7,"AC+CR(20%)+1000C/3h+9
000C/20h",SS+IM,FCC+L12
Al0.3CrFe1.5MnNi,AC,SS,BCC
Al0.3CrFe1.5MnNi0.10,AC+700C/20h,SS+IM,BCC+FCC+σ
Al0.3CrFe1.5MnNi0.5,AC,SS,BCC+FCC
Al0.3CrFe1.5MnNi0.5Si0.2,AC,IM,Im
Al0.3CrFe1.5MnNi0.5Ti0.2,AC,SS,BCC
Al0.3CrFe1.5MnNi0.6,AC,SS+IM,BCC+FCC+B2
Al0.3CrFe1.5MnNi0.7,AC+1100C/2h/FC,SS+IM,BCC+FCC+B2
Al0.3CrFe1.5MnNi0.8,AC+700C/20h/FC,SS+IM,BCC+FCC+IM
Al0.3CrFe1.5MnNi0.9,AC,SS,BCC+FCC
Al0.3CrFe1.5Ni0.5,AC,IM,B2
Al0.3CuCrFeNi2,AC,SS,FCC
Al0.3HfNbTaTiZr,AC,SS,BCC
Al0.3NbTa0.8Ti1.4V0.2Zr1.3,AC,SS,BCC
Al0.3NbTaTi1.4Zr1.3,AC,SS,BCC
Al0.41CoCrFeNi,AC,SS,FCC
Al0.43CoCr0.29NiSi0.14,AC,SS+IM,FCC+L10+L12
Al0.43CoCrFeMnNi,AC,SS,FCC
Al0.44CoCrFeNi,AC,SS+IM,FCC+B2+Unk
Al0.4CoCrFeMnNiV,AC,IM,σ
Al0.4CoCrFeNi,AC,SS,FCC
Al0.4CoCu0.4FeGa0.02Ni,AC,SS,FCC+BCC
Al0.4CoCu0.4FeGa0.04Ni,AC,SS,FCC+BCC
Al0.4CoCu0.4FeGa0.06Ni,AC,SS,FCC+BCC
Al0.4CoCu0.4FeGa0.08Ni,AC,SS,FCC+BCC
Al0.4CoCu0.4FeNi,AC,SS,FCC
Al0.4CoFeNiSi0.4,AC,SS,BCC
Al0.4CrCuFeNi,AC,SS,FCC
Al0.4CrCuFeNi2,AC,SS,FCC
Al0.4CrCuFeNi3,AC,SS,FCC
Al0.4CrFe1.5Ni0.5,AC,IM,B2
Al0.4Hf0.6NbTaTiZr,AC,SS,BCC
Al0.56CoCrFeMnNi,AC,SS+IM,BCC+FCC+B2
Al0.56CrFe2Mn1.25Ni0.75,AC,SS+IM,BCC+FCC+B2
Al0.57CoCrFeNi,AC,SS+IM,BCC+FCC+B2
Al0.5B0.2CoCrCuFeNi,AC,SS+IM,FCC+IM
Al0.5BCoCrCuFeNi,AC,IM,L12+IM
Al0.5CoCr3Cu0.5FeNi,AC,SS,BCC+FCC
Al0.5CoCrCu0.5Fe2Ni,AC,SS,FCC
Al0.5CoCrCu0.5Fe3.5Ni,AC,SS,FCC
Al0.5CoCrCu0.5Fe3Ni,AC,SS,FCC
Al0.5CoCrCu0.5FeNi,AC,SS,2FCC
Al0.5CoCrCu0.5FeNi2,AC,SS+IM,FCC+L12
Al0.5CoCrCu0.5FeNiTi0.5,AC,SS,FCC+BCC
Al0.5CoCrCuFeNi,AC,SS,FCC
Al0.5CoCrCuFeNiSi,AC,SS+IM,FCC+BCC+B2+IM
Al0.5CoCrCuFeNiSi0.8,AC,SS+IM,FCC+BCC+B2+IM
Al0.5CoCrCuFeNiSi1.2,AC,SS+IM,FCC+BCC+B2+IM
Al0.5CoCrCuFeNiSi1.4,AC,SS+IM,FCC+BCC+B2+IM
Al0.5CoCrCuFeNiSi1.6,AC,SS+IM,FCC+BCC+B2+IM
Al0.5CoCrCuFeNiSi1.8,AC,SS+IM,FCC+BCC+B2+IM
Al0.5CoCrCuFeNiSi2,AC,SS+IM,FCC+BCC+B2+IM
Al0.5CoCrCuFeNiTi,AC,SS+IM,2BCC+FCC+σ
Al0.5CoCrCuFeNiTi0.2,AC,SS,FCC
Al0.5CoCrCuFeNiTi0.4,AC,SS,2BCC+FCC
Al0.5CoCrCuFeNiTi0.6,AC,SS,2BCC+FCC
Al0.5CoCrCuFeNiTi0.8,AC,SS+IM,2BCC+FCC+σ
Al0.5CoCrCuFeNiTi1.2,AC,SS+IM,2BCC+FCC+NiTi2+σ
Al0.5CoCrCuFeNiTi1.4,AC,SS+IM,BCC+FCC+B2+NiTi2
Al0.5CoCrCuFeNiTi1.6,AC,SS+IM,BCC+FCC+B2+NiTi2
Al0.5CoCrCuFeNiTi1.8,AC,SS+IM,BCC+FCC+B2+NiTi2
Al0.5CoCrCuFeNiTi2,AC,SS+IM,BCC+FCC+B2+NiTi2
Al0.5CoCrCuFeNiTi2.0,AC,IM,BCC+FCC+B2+NiTi2
Al0.5CoCrCuFeNiV,AC,SS+IM,BCC+FCC+σ
Al0.5CoCrCuFeNiV0.2,AC,SS,2FCC
Al0.5CoCrCuFeNiV0.4,AC,SS,BCC+FCC
Al0.5CoCrCuFeNiV0.6,AC,SS+IM,BCC+FCC+σ
Al0.5CoCrCuFeNiV0.8,AC,SS+IM,BCC+FCC+σ
Al0.5CoCrCuFeNiV1.2,AC,SS,BCC+FCC
Al0.5CoCrCuFeNiV1.4,AC,SS,BCC+FCC
Al0.5CoCrCuFeNiV1.6,AC,SS,BCC+FCC
Al0.5CoCrCuFeNiV1.8,AC,SS,BCC+FCC
Al0.5CoCrCuFeNiV2,AC,SS,BCC+FCC
Al0.5CoCrFeMnNi,AC,SS+IM,BCC+FCC+B2
Al0.5CoCrFeNi,AC,SS,BCC+FCC
Al0.5CoCrFeNiTi,AC,SS+IM,BCC+B2+C14
Al0.5CoCrFeNiTi0.5,AC,SS,FCC+BCC
Al0.5CoFeNi,AC,SS,FCC+BCC
Al0.5CoFeNiSi0.5,AC,SS,BCC
Al0.5Cr0.9FeNi2.5V0.2,AC,SS,FCC
Al0.5CrCuFeMnNi,AC,SS,2BCC+FCC
Al0.5CrCuFeNi,AC,SS,FCC
Al0.5CrCuFeNi2,AC,SS,FCC
Al0.5CrFe1.5MnNi0.10,AC+700C/20h,SS+IM,BCC+σ
Al0.5CrFe1.5MnNi0.5,AC,SS,BCC
Al0.5CrFe1.5MnNi0.6,AC,SS+IM,2BCC+B2
Al0.5CrFe1.5MnNi0.7,"AC+FOR/1200C(50%)+110
0C/6h/AC",SS+IM,2BCC+B2
Al0.5CrFe1.5MnNi0.8,AC+700C/20h/FC,SS+IM,2BCC+B2+IM
Al0.5CrFe1.5MnNi0.9,AC,SS,BCC
Al0.5CrFeNiCo0.3C0.2,PM,IM,Im
Al0.5CrFeNiTiV,AC,IM,C15+L21
Al0.5CrMoNbSi0.3TiV,AC,SS+IM,BCC+IM
Al0.5CrMoNbTi,AC,SS,BCC
Al0.5CrMoNbTiV,AC,SS,BCC
Al0.5CrMoNbV,AC,SS,BCC
Al0.5CrNbTi2V0.5,AC,IM,Im
Al0.5CrNbTi2V0.6,AC+1200C/24h,SS+IM,BCC+C14
Al0.5CuNiPdTiZr,MS,SS+IM,BCC+B2
Al0.5HfNbTaTiZr,AC,SS,BCC
Al0.5HfNbTiZr,AC,SS,BCC
Al0.5MoNbTiV,AC,SS,BCC
Al0.5NbTa0.8Ti1.5V0.2Zr,AC,IM,Im
Al0.5NbTaTiV,AC,SS,BCC
Al0.5NbTiVZr,AC,SS+IM,BCC+C14+Zr2Al
Al0.62CoCrFeMnNi,AC,SS+IM,BCC+FCC+B2
Al0.67CoCrCuFeMnNiTiV,AC,IM,BCC+D022+IM
Al0.67CoCrCuFeNiTiMnV,AC,SS,BCC+D022+Unk
Al0.68CoCrFeMnNi,AC,SS+IM,BCC+FCC+B2
Al0.6CoCrFeNi,AC,SS+IM,BCC+FCC+B2
Al0.6CoCrFeNiTi,AC,SS+IM,BCC+B2
Al0.6CoCrFeNiTi0.4,MA+SPS,SS+IM,2FCC+D022
Al0.6CoCu0.6FeNi,AC,SS,FCC
Al0.6CoFeNiTi0.4,SPS,SS+IM,FCC+B2+Unk
Al0.6CrCuFeNi2,AC,SS,FCC
Al0.6CrFeNi2.4,AC,SS,FCC
Al0.6MoTaTiV,AC,SS,BCC
Al0.74CoCrFeNi,AC,SS+IM,FCC+BCC+B2
Al0.75CoCrCu0.25FeNi,AC,SS,BCC+FCC
Al0.75CoCrCu0.25FeNiTi0.5,AC,SS,BCC
Al0.75CoCrFeMnNi,AC,SS+IM,BCC+FCC+B2
Al0.75CoCrFeNi,AC,SS,BCC+FCC
Al0.75CoCrFeNiTi0.25,MA+SPS,SS,BCC+FCC
Al0.75CoFeNi,AC,SS+IM,FCC+B2
Al0.75CrFeNi,MA,SS,BCC+FCC
Al0.75HfNbTaTiZr,AC,SS,BCC
Al0.75HfNbTiZr,AC,SS,BCC
Al0.75MoNbTiV,AC,SS,BCC
Al0.7Co0.3CrFeNi,PM,IM,Im
Al0.7CoCr1.5Fe1.5Ni,AC,SS+IM,BCC+B2
Al0.7CoCrFe2Ni,AC,SS+IM,FCC+BCC+B2
Al0.7CoCrFeNi,AC,SS+IM,BCC+FCC+B2
Al0.7CoCu0.7FeNi,AC,SS,FCC+BCC
Al0.7CrCuFeNi,AC,SS,FCC
Al0.7CrCuFeNi2,AC,SS,FCC
Al0.7CrFeNi2.3,AC,SS+IM,BCC+FCC+B2
Al0.81CoCrFeMnNi,AC,SS+IM,BCC+FCC+B2
Al0.81CrFe2Mn1.25Ni0.75,AC,SS+IM,BCC+FCC+B2
Al0.85CoCrFeNi,AC,SS+IM,BCC+B2
Al0.875CoCrFeNi,AC,SS,BCC
Al0.88CoCrFeMnNi,AC,SS+IM,BCC+FCC+B2
Al0.8CoCrCuFeNi,AC,SS,BCC+2FCC
Al0.8CoCrFeNi,AC,SS+IM,BCC+FCC+B2
Al0.8CoCrFeNiTi0.2,AC,SS,FCC+BCC
Al0.8CoCrFeNiTi1.2,AC,IM,Im
Al0.8CoCrNiSi0.2,AC,SS+IM,BCC+B2+σ
Al0.8CoCu0.8FeNi,AC,SS+IM,BCC+L12
Al0.8CoFeNiSi0.8,AC,SS,BCC
Al0.8CrCu1.5FeMnNi,AC,SS,BCC+FCC
Al0.8CrCuFeMn1.5Ni,AC,SS,2BCC
Al0.8CrCuFeMnNi,AC,SS,2BCC+FCC
Al0.8CrCuFeNi,AC,SS,BCC+FCC
Al0.8CrCuFeNi2,AC,SS,FCC
Al0.8CrCuFeNi3,AC,SS,FCC
Al0.8CrFe1.5MnNi0.5,AC,SS,BCC
Al0.8CrFe1.5MnNi0.6,AC+700C/20h,SS,BCC
Al0.8CrFeNi2.2,AC,SS+IM,BCC+FCC+B2
Al0.92CoCrFeNi,AC,SS+IM,BCC+B2
Al0.95CoCrFeMnNi,AC,SS+IM,BCC+B2
Al0.9CoCrFeNi,AC,SS+IM,BCC+B2
Al0.9CoCu0.9FeNi,AC,SS,FCC+BCC
Al0.9CrCuFeNi,AC,IM,BCC+FCC+B2
Al0.9CrCuFeNi2,AC,SS+IM,BCC+FCC+B2
Al0.9CrFeNi,AC,SS+IM,BCC+B2
Al0.9CrFeNi2.1,AC,SS+IM,BCC+FCC+B2
Al1.12CoCrFeNi,AC,SS+IM,BCC+B2
Al1.1CrFeNi,AC,SS+IM,BCC+B2
Al1.25CoCrFeMnNi,AC,SS+IM,BCC+B2
Al1.25CoCrFeNi,AC,IM,B2
Al1.25HfNbTiZr,AC,SS,BCC
Al1.2CoCrFeNi,AC,SS+IM,BCC+B2
Al1.2CoCrFeNiTi0.8,AC,SS,BCC
Al1.2CoCu1.2FeNi,AC,SS,FCC+BCC
Al1.2CrCuFeNi,AC,IM,BCC+FCC+B2
Al1.2CrCuFeNi2,AC ,SS,BCC+FCC
Al1.2CrCuFeNi3,AC,SS,BCC+FCC
Al1.2CrFe1.5MnNi0.5,AC,SS,BCC
Al1.2CrFe1.5MnNi0.6,AC+700C/20h,SS+IM,BCC+B2
Al1.2CrFeNi,AC,SS+IM,BCC+B2
Al1.33CoCrFeNi,AC,SS+IM,BCC+B2
Al1.3CoCrCuFeNi,AC,SS+IM,FCC+B2
Al1.3CrFeNi,AC,SS+IM,BCC+B2
Al1.4Co0.9Cr1.4Cu0.5Fe0.9Ni,AC,SS+IM,BCC+B2+Unk
Al1.5CoCrCu0.5FeNi,AC,IM,B2
Al1.5CoCrCuFeNi,AC,SS+IM,FCC+B2
Al1.5CoCrFeNi,AC,IM,B2
Al1.5CoCrFeNiTi,AC,SS+IM,BCC+B2
Al1.5CoCrFeNiTi0.5,AC,IM,Im
Al1.5CrCuFeNi,AC,IM,BCC+B2
Al1.5CrCuFeNi2,AC,SS+IM,BCC+FCC+B2
Al1.5CrFeMnTi,AC,SS+IM,BCC+L21+C14
Al1.5HfNbTiZr,AC,SS,BCC
Al1.5MoNbTiV,AC,SS,BCC
Al1.5NbTiVZr,AC,SS+IM,BCC+C14+Zr2Al
Al1.71CoCrFeNi,AC,SS+IM,BCC+B2
Al1.8CoCrCuFeNi,AC,SS+IM,FCC+B2
Al1.8CoCrFeNi,AC,SS+IM,BCC+B2
Al1.8CoCrFeNiTi0.2,AC,IM,Im
Al1.8CrCuFeNi,AC,IM,BCC+B2
Al1.8CrCuFeNi2,AC,SS+IM,BCC+B2
Al10Co21Cr18Fe36Ni15,AC,SS+IM,FCC+B2
Al10Co25Cr8Fe15Ni36Ti6,AC,IM,Im
Al10Co30Cr20Fe35Ni5,PM,SS,FCC+BCC
Al10Cr18Fe36Mn21Ni15,AC,SS+IM,BCC+B2
Al10Cr18Fe36Mn21Ni16,AC,SS+IM,FCC+BCC+B2
Al10Cr18Fe36Mn21Ni17,AC+1200c/24h,SS+IM,BCC+B2
Al10Cr18Fe36Mn21Ni18,AC+1000C/24h,SS+IM,BCC+FCC+B2
Al12.5Ni21.88Co21.88Fe21.88Cr21.88,AC,SS,FCC+BCC
Al12Co20Cr17Fe35Ni12Ti4,AC,SS+IM,FCC+BCC+B2+L21
Al12Cr17Fe35Mn20Ni12Ti4,AC,SS+IM,BCC+L21
Al13.00Co20.94Cr20.94Fe20.94Ni20.94Ti3.00C0.25,AC,SS,FCC+BCC
Al13.00Co21.00Cr21.00Fe21.00Ni21.00Ti3.00,AC,SS,FCC+BCC
Al13.00Co21.69Cr21.69Fe21.69Ni21.69C0.25,AC,SS,FCC+BCC
Al13.00Co21.74Cr21.74Fe21.74Ni21.74,AC,SS,FCC+BCC
Al14.1Cr6Fe28.2Mn32.9Ni18.8,AC,SS+IM,FCC+B2
Al15.63Ni21.09Co21.09Fe21.09Cr21.09,AC,SS,FCC+BCC
Al15Co30Cr15Fe40Ni5,PM,SS,FCC+BCC
Al16.00Co21.00Cr21.00Fe21.00Ni21.00,AC,SS,FCC+BCC
Al16Co16Cr16Fe16Ni16Fe20,PM,IM,Im
Al16CuLiMgZn,AC,IM,FCC+C16+IM
Al16LiMgSnZn,AC,SS+IM,A5+FCC+D02+IM
Al17Co17Cr17Fe17Ni17Fe15,PM,IM,Im
Al18Cr28Nb18Ti18V18,AC,IM,Im
Al19Co19Cr19Fe19Ni19Fe5,PM,IM,Im
Al2.08CoCrFeNi,AC,SS+IM,BCC+B2
Al2.0CrCuFeNi,AC,IM,BCC+B2
Al2.2CrCuFeNi,AC,IM,BCC+B2
Al2.2CrCuFeNi2,AC,SS+IM,BCC+B2
Al2.3CoCrCuFeNi,AC,SS+IM,FCC+B2
Al2.5CoCrCuFeNi,AC,SS+IM,FCC+B2
Al2.5CoCrFeNi,AC,IM,B2
Al2.5CrCuFeNi,AC,IM,BCC+B2
Al2.5CrCuFeNi2,AC,SS+IM,BCC+B2
Al2.8CoCrCuFeNi,AC,IM,B2
Al21.88Ni19.53Co19.53Fe19.53Cr19.53,AC,SS,BCC
Al22.5Ti22.5Ni20Cu20Fe15,AC,SS,FCC
Al23Co15Cr23Cu8Fe15Ni16,AC,SS+IM,B2+BCC+FCC
Al25.00Ni18.75Co18.75Fe18.75Cr18.75,AC,SS,BCC
Al25Ti25Ni25Cu25,AC,SS,FCC
Al26.6Nb23.8Ti25.1V24.5,AC,SS,BCC
Al2CoCrCu0.5FeNi,AC,IM,B2
Al2CoCrCuFeNi,AC,SS,FCC+BCC
Al2CoCrFeNi,AC,IM,B2
Al2CoCrFeNiTi,AC,SS+IM,BCC+B2
Al2CrCuFeNi2,AC,SS+IM,BCC+B2
Al2CrFeMnTi,AC,SS+IM,BCC+L21+C14
Al2CrFeMnTi0.25,AC,SS+IM,BCC+L21
Al3CoCrCuFeNi,AC,IM,B2
Al3CoCrFeNi,AC,IM,B2
Al3CrFeMnTi0.25,AC,SS+IM,BCC+L21+IM
Al40Cu15Cr15Fe15Si15,AC,IM,Im
Al4Co23.5Cr23.5Fe23.5Ni23.5Ti2,AC+1473K/4h,SS,FCC
Al4Co23.5Cr23.5Fe23.5Ni23.5Ti3,"AC+1473K/4h+CR(30%)+1
273K/2h+1073K/18h+WQ",SS+IM,FCC+L12
Al4Co23.5Cr23.5Fe23.5Ni23.5Ti4,"AC+1473K/4h+CR(70%)+9
23K/4h+WQ",SS+IM,FCC+L12
Al4CrFeMnTi0.25,AC,SS+IM,BCC+L21+IM
Al58.5Mg31.5Zn4.5Cu4.5Si1,AC,IM,Im
Al5Nb24Ti40V5Zr26,AC,SS,BCC
Al60Cu10Fe10Cr5Mn5Ni5Mg5,AC,IM,Im
Al63Mg27Zn4.5Cu4.5Si1,AC,IM,Im
Al65Cu5Cr5Si15Mn5Ti5,AC,IM,Im
Al65Cu5Fe5Mg5Si15Zn5,AC,IM,Im
Al65Cu5Mg5Ni5Si15Zn5,AC,IM,Im
Al66.7Mg23.3Zn4.5Cu4.5Si1,AC,IM,Im
Al7.5CoCrNi,AC,IM,Im
Al70Cr5Cu5Mg5Si10Zn5,AC,IM,Im
Al70Cu5Mg5Mn5Si10Zn5,AC,IM,Im
Al70Cu5Mg5Si10Zn5Zr5,AC,IM,Im
Al80Li5Mg5Zn5Cu5,AC,IM,Im
Al80Li5Mg5Zn5Sn5,AC,IM,Im
Al80Mg14Zn2.7Cu2.7Si0.60,AC,IM,Im
Al84.8Mg10Zn2Cu2Si1.2,AC,IM,Im
Al85.1Mg10Zn2Cu2Si0.9,AC,IM,Im
Al85.4Mg10Zn2Cu2Si0.6,AC,IM,Im
Al85.7Mg10Zn2Cu2Si0.3,AC,IM,Im
Al85Mg10.5Zn2.025Cu2.025Si0.45,AC,IM,Im
Al86Mg10Zn2Cu2,AC,IM,Im
Al8Co17Cr17Cu8Fe17Ni33,AC,SS+IM,FCC+L12
Al9.38Ni22.66Co22.66Fe22.66Cr22.66,AC,SS,FCC+BCC
Al9.5Co25Cr8Fe15Ni36Ti6Hf0.5,AC,IM,Im
Al90Mg7.1Zn1.35Cu1.35Si0.3,AC,IM,Im
AlAuCoCrCuNi,AC,SS+IM,FCC+L10
AlC0.1CoCrFeNi,AC,IM,Im
AlC0.2CoCrFeNi,AC,SS+IM,BCC+IM
AlC0.3CoCrFeNi,AC,SS+IM,BCC+IM
AlC0.4CoCrFeNi,AC,SS+IM,BCC+IM
AlC0.5CoCrFeNi,AC,SS+IM,BCC+IM
AlC1.5CoCrFeNi,AC,SS+IM,BCC+A9+IM
AlCCoCrFeNi,AC,SS+IM,BCC+A9+IM
AlCo0.2Cr1.5Fe0.2NiSiTi0.2,AC,SS+IM,BCC+Cr3Si
AlCo0.2CrFe0.2NiSiTi0.2,AC,SS+IM,BCC+Cr3Si
AlCo0.2CuFeNi,AC,SS+IM,FCC+B2
AlCo0.5Cr0.5Fe0.5MnNiV,AC,SS,BCC
AlCo0.5Cr0.5Fe0.5MnNiV0.5,AC,SS,BCC
AlCo0.5CrCu0.5FeNi,AC,IM,B2
AlCo0.5CrCuFeNi,AC,SS+IM,BCC+FCC+B2
AlCo0.5CrFeMo0.5,AC,SS+IM,BCC+B2+σ
AlCo0.5CrFeMo0.5Ni,AC,SS+IM,BCC+B2+σ
AlCo0.5CuFeNi,AC,SS+IM,FCC+B2
AlCo0.6CrFe0.2Ni0.2Si0.2Ti0.2,AC,SS+IM,BCC+Cr3Si
AlCo1.5Cr2Fe1.5Mn2NiV,AC,IM,σ
AlCo1.5CrCu0.5FeNi,AC,SS+IM,FCC+B2
AlCo1.5CrFeMo0.5,AC,SS+IM,BCC+B2+σ
AlCo1.5CrFeMo0.5Ni,AC,SS+IM,BCC+B2+σ
AlCo1.5CrFeNiTi0.5,AC,SS,BCC+FCC
AlCo1.5CuFeNi,AC,SS+IM,FCC+B2
AlCo2CrCu0.5FeNi,AC,SS,BCC+FCC
AlCo2CrFeMo0.5,AC,SS+IM,BCC+FCC+σ
AlCo2CrFeMo0.5Ni,AC,SS+IM,BCC+FCC+σ
AlCo2CrFeNiTi0.5,AC,SS,BCC+FCC
AlCo2CuFeNi,AC,SS+IM,FCC+B2
AlCo3.5CrCu0.5FeNi,AC,SS,FCC
AlCo3CrCu0.5FeNi,AC,SS,BCC+FCC
AlCo3CrFeNiTi0.5,AC,SS,BCC+FCC
AlCo3CuFeNi,AC,SS,FCC
AlCoCr0.3FeNi,AC,SS,FCC+BCC
AlCoCr0.5Cu0.5FeNi,AC,SS+IM,BCC+FCC+B2
AlCoCr0.5CuFeNi,AC,SS+IM,BCC+FCC+B2
AlCoCr0.5FeMo0.5Ni,AC,IM,B2+σ
AlCoCr0.5FeNi,AC,SS,FCC+BCC
AlCoCr0.7FeNi,AC,SS,FCC+BCC
AlCoCr1.5Cu0.5FeNi,AC,SS,BCC+FCC
AlCoCr1.5FeMo0.5Ni,AC,IM,B2+σ
AlCoCr2Cu0.5FeNi,AC,SS+IM,BCC+B2
AlCoCr2FeMo0.5Ni,AC,IM,B2+σ
AlCoCr2FeNi,AC,IM,B2+L12
AlCoCrCu0.25FeNi,AC,SS,BCC
AlCoCrCu0.25FeNiTi0.5,AC,SS,2BCC
AlCoCrCu0.5Fe,AC,SS+IM,FCC+B2
AlCoCrCu0.5Fe0.5Ni,AC,SS,BCC+FCC
AlCoCrCu0.5Fe1.5Ni,AC,SS+IM,FCC+B2
AlCoCrCu0.5Fe2Ni,AC,SS+IM,FCC+B2
AlCoCrCu0.5FeNi,AC,SS+IM,FCC+BCC+B2
AlCoCrCu0.5FeNi0.5,AC,SS+IM,FCC+BCC+B2
AlCoCrCu0.5FeNi1.5,AC,SS,BCC+FCC
AlCoCrCu0.5FeNi2,AC,SS,BCC+FCC
AlCoCrCu0.5FeNi2.5,AC,SS+IM,BCC+L12
AlCoCrCu0.5FeNi3,AC,IM,L12
AlCoCrCu0.5FeNiTi0.5,AC,SS,2BCC
AlCoCrCu0.5Ni,AC,SS+IM,BCC+FCC+B2
AlCoCrCuFe,MA+SPS,SS+IM,FCC+B2+σ
AlCoCrCuFe0.5Ni,AC,SS+IM,BCC+FCC+B2
AlCoCrCuFeMnNi,AC,SS+IM,FCC+2B2
AlCoCrCuFeMo0.2Ni,AC,SS,BCC+FCC
AlCoCrCuFeNi,AC,SS,FCC+BCC
AlCoCrCuFeNi0.5,AC,SS+IM,BCC+FCC+B2
AlCoCrCuFeNiSi,AC,SS,BCC+FCC
AlCoCrCuFeNiTi,AC,SS+IM,BCC+FCC+B2
AlCoCrCuFeNiTiV,AC,SS,BCC+FCC
AlCoCrCuFeNiV,AC,SS,BCC+FCC
AlCoCrCuFeNiV0.2,MA+LC,SS,FCC
AlCoCrCuFeNiV0.5,MA+LC,SS,FCC+BCC
AlCoCrCuFeNiV0.8,MA+LC,SS,FCC+BCC
AlCoCrCuFeSiTi,AC,SS,BCC+FCC
AlCoCrCuMnFe,AC,SS,FCC+BCC
AlCoCrCuMnTi,AC,IM,Im
AlCoCrCuNi,AC,SS+IM,BCC+FCC+B2
AlCoCrCuNiTi,AC,SS,2BCC+FCC
AlCoCrCuNiTiY,AC,SS+IM,BCC+C15+L21+Unk
AlCoCrCuNiTiY0.5,AC,SS+IM,BCC+FCC+C15+L21
AlCoCrCuNiTiY0.8,AC,SS+IM,BCC+C15+L21
AlCoCrFe,PM,SS,FCC
AlCoCrFe0.6Mo0.5Ni,AC,IM,B2+σ
AlCoCrFe1.5Mo0.5Ni,AC,IM,BCC+σ
AlCoCrFe2Mo0.5Ni,AC,SS+IM,BCC+σ
AlCoCrFe6NiSiTi,MA+LC,SS,BCC
AlCoCrFeMo0.05Ni2,AC,IM,Im
AlCoCrFeMo0.1Ni,AC,SS,BCC
AlCoCrFeMo0.2Ni,AC,SS+IM,BCC+IM
AlCoCrFeMo0.3Ni,AC,SS+IM,BCC+IM
AlCoCrFeMo0.4Ni,AC,SS+IM,BCC+IM
AlCoCrFeMo0.5,AC,SS+IM,BCC+B2+σ
AlCoCrFeMo0.5Ni,AC,SS+IM,BCC+IM
AlCoCrFeMo0.5Ni0.5,AC,IM,B2+σ
AlCoCrFeMo0.5Ni1.5,AC,SS+IM,FCC+B2+σ
AlCoCrFeMo0.5Ni2,AC,SS+IM,FCC+B2+σ
AlCoCrFeNb0.1Ni,AC,SS,BCC
AlCoCrFeNb0.25Ni,AC,SS+IM,BCC+C14
AlCoCrFeNb0.5Ni,AC,SS+IM,BCC+C14
AlCoCrFeNb0.75Ni,AC,SS+IM,BCC+C14
AlCoCrFeNi,AC,SS,BCC
AlCoCrFeNi2,AC,SS+IM,BCC+B2+L12
AlCoCrFeNi2.1,AC,SS+IM,BCC+B2+L12
AlCoCrFeNi2.2,AC,SS+IM,FCC+B2
AlCoCrFeNiC1.5,AC,IM,Im
AlCoCrFeNiSi,AC,SS+IM,2BCC+IM
AlCoCrFeNiSi0.2,AC,SS,BCC
AlCoCrFeNiSi0.4,AC,SS,BCC
AlCoCrFeNiSi0.6,AC,SS,BCC
AlCoCrFeNiSi0.8,AC,SS+IM,2BCC+IM
AlCoCrFeNiTi,AC,SS+IM,2BCC+B2
AlCoCrFeNiTi0.2,AC,IM,Im
AlCoCrFeNiTi0.4,AC,IM,Im
AlCoCrFeNiTi0.5,AC,SS+IM,2BCC+B2
AlCoCrFeNiTi0.6,AC,SS,2BCC
AlCoCrFeNiTi0.7,AC,SS+IM,2BCC+B2
AlCoCrFeNiTi1.5,AC,SS+IM,BCC+B2+C14
AlCoCrFeNiV0.2,AC,SS,BCC
AlCoCrFeNiV0.5,AC,SS,BCC
AlCoCrFeNiV0.8,AC,SS,BCC
AlCoCrFeNiV1.0,AC,SS,BCC
AlCoCrNi,AC,SS+IM,BCC+B2
AlCoCu0.33FeNi,AC+850C/24h,SS+IM,FCC+B2
AlCoCu0.5FeNi,AC,SS,BCC+FCC
AlCoCuFeNdNi,AC,IM,Unk
AlCoCuFeNi,AC,SS+IM,FCC+B2
AlCoCuFeNiSi,AC,SS,BCC+FCC
AlCoCuFeNiTi,AC,SS,BCC+FCC
AlCoCuFeNiZr,AC,SS+IM,FCC+B2+D2b
AlCoCuNi,AC,SS,BCC+FCC
AlCoCuNiTiZn,MA,SS,BCC+FCC
AlCoFeMnNi,AC,IM,B2
AlCoFeMo0.5Ni,AC,IM,B2+σ
AlCoFeNi,AC,IM,B2
AlCoFeNiTi,AC,SS,BCC
AlCr0.5CuFeNiTi,AC,IM,FCC+B2
AlCr0.5NbTiV,AC,SS,BCC
AlCr1.5CuFeNiTi,AC,SS+IM,FCC+B2
AlCr1.5NbTiV,AC+1200C/24h+HP/1000C,SS+IM,BCC+C14
AlCr2CuFeNiTi,AC,SS+IM,FCC+B2
AlCr3CuFeNiTi,AC,SS+IM,FCC+B2
AlCrCu0.5FeNi,AC,SS+IM,BCC+B2
AlCrCuFeMnNi,AC,SS,2BCC
AlCrCuFeNi,AC,SS+IM,FCC+B2
AlCrCuFeNi0.6,AC,SS+IM,FCC+B2
AlCrCuFeNi0.8,AC,SS+IM,FCC+B2
AlCrCuFeNi1.2,AC,SS+IM,FCC+B2
AlCrCuFeNi1.4,AC,SS+IM,FCC+B2
AlCrCuFeNi2,AC,SS,BCC+FCC
AlCrCuFeNi3,AC,SS+IM,BCC+FCC+B2
AlCrCuFeNiTi,AC,SS+IM,FCC+B2
AlCrFe2Ni2,AC,SS+IM,BCC+FCC+B2
AlCrFeCoNi,AC,SS,BCC
AlCrFeCoNiCu,AC,SS,FCC+BCC
AlCrFeCoNiCuMn,AC,IM,Im
AlCrFeCoNiCuTi,AC,SS,FCC+BCC
AlCrFeCoNiCuV,AC,SS,FCC+BCC
AlCrFeMnNi,AC,SS,BCC
AlCrFeMnNiTi,MA,SS,BCC+FCC
AlCrFeMnTi0.25,AC,SS+IM,BCC+L21
AlCrFeMo0.2Ni,AC,SS+IM,BCC+B2
AlCrFeMo0.5Ni,AC,SS+IM,BCC+B2
AlCrFeMo0.8Ni,AC,IM,B2+σ
AlCrFeMoNi,AC,IM,B2+σ
AlCrFeNi,AC,SS,BCC
AlCrFeNi0.75,AC+850C/24h,SS+IM,BCC+B2
AlCrFeNi2,AC,SS+IM,BCC+FCC+B2
AlCrFeNiMo0.2,AC,SS,BCC
AlCrFeNiMo0.5,AC,SS,BCC
AlCrFeNiMo0.8,AC,IM,Im
AlCrMnNbTi,Not Mentioned,IM,Laves+Unk
AlCrMnNbV,Not Mentioned,IM,Laves+Unk
AlCrMoNbTi,AC,SS,FCC
AlCrMoSiTi,AC,IM,B2+D8m
AlCrMoTi,AC+1200C/20h,SS,BCC
AlCrNbTiV,AC+1200C/24h,SS+IM,BCC+C14
AlCu0.2Li0.5MgZn0.5,AC,IM,IM
AlCu0.5Li0.5MgSn0.2,AC,IM,A5+D02+2IM
AlCuNi,AC,SS+IM,FCC+B2
AlHfNbTaTiZr,AC,SS,BCC
AlHfNbTiZr,AC,SS,BCC
AlLi0.5MgSn0.2Zn0.5,AC,SS+IM,FCC+D02+2IM
AlLiMgSnZn,AC,SS+IM,"A5+FCC+HCP+D02+I
M"
AlLiMgZnSn,AC,IM,Im
AlMnNbTiV,Not Mentioned,IM,B2+Laves
AlMo0.5NbTa0.5TiZr,AC,SS,BCC
AlMoNbTi,AC+1500C/20h,SS,BCC
AlMoNbTiV,AC,SS,BCC
AlMoTaTiV,AC,SS,BCC
AlNb1.5Ta0.5Ti1.5Zr0.5,AC,SS,BCC
AlNbTaTiV,AC,SS,BCC
AlNbTiV,AC,SS,BCC
AlNbTiVZr,AC,SS+IM,BCC+C14+Zr2Al
AlNbTiVZr0.1,AC,IM,Im
AlNbTiVZr0.25,AC,IM,Im
AlNbTiVZr0.5,AC,SS+IM,BCC+C14+Zr2Al
AlNbTiVZr1.5,AC,IM,Im
AlTiNiCuFe,AC,SS,FCC
AlTiVYZr,AC,IM,Unk
BeCuNiTiVZr,AC,IM,Unk
Co0.25Cr0.25FeMn,AC,SS,FCC
Co0.5CrFeMn1.5Ni,AC,IM,FCC+σ
Co0.5CrFeNiTi0.5,MA+SPS,IM,FCC+σ
Co0.5Fe0.5MgNi0.5TiZr,MA,SS,BCC
Co1.4CrFeMnNi,"AC+1000C/24h+CR(80%)+
1100C/1h",SS,FCC
Co1.5Cr0.5FeMn0.5Ni,AC,SS,FCC
Co1.5CrFeMo0.1Ni1.5Ti0.5,AC,SS,FCC
Co1.5CrFeMo0.5Ni1.5Ti0.5,AC,IM,FCC+σ
Co1.5CrFeMo0.8Ni1.5Ti0.5,AC,IM,FCC+σ
Co1.5CrFeNi1.5Ti,AC,IM,FCC+D024
Co1.5CrFeNi1.5Ti0.5,AC,SS,FCC
Co1.5CrFeNi1.5Ti0.6,"AC+1100C/4h/AC+800C/1
0h/AC",SS+IM,FCC+D024
Co10Cr10Fe50Mn30,AC,SS,FCC+BCC
Co10Cr25Fe20Mn5Ni40,AC,SS,FCC
Co17.5Cr12.5Fe55Ni10Mo5,AC,IM,Im
Co18Cr12.5Fe55Ni7Mo7.5,AC,IM,Im
Co20Cr20Fe20Mn20Ni20,AC,SS,FCC
Co20Cr20Fe34Mn20Ni6,AC,IM,Im
Co20Cr20Fe40Mn20,AC,IM,Im
Co20Cr25Fe10Mn5Ni40,AC,SS,FCC
Co23.25Ni23.25Fe23.25Cr23.25Mo7.00,AC,SS,FCC
Co25Ni25Fe25Al7.5Cu17.5,PM,SS,FCC
Co27.5Cr17.5Fe20Mo15Ni20,AC+1200C/48h,SS+IM,FCC+σ
Co28.2Cr5.92Mo0.62Mn0.50Si0.13N0.04C,AC,SS,FCC
Co2Cr0.5Ni2VW0.5,AC,SS+IM,FCC+Laves
Co2CrMo0.5Ni2W0.5,AC,SS+IM,FCC+D85+σ
Co2Mo0.5Ni2VW0.5,AC,SS+IM,FCC+BCC+Laves
Co33Cr9W0.35N0.01C,AC,SS,FCC
Co33Cr9W0.35N0.06C,AC,SS,FCC
Co33Cr9W0.35N0.1C,AC,SS,FCC
Co33Cr9W0.35N0.25C,AC,SS,FCC
Co33Cr9W0.35N0.31C,AC,SS,FCC
Co35Cr15Fe20Mo10Ni20,AC+1200C/48h,SS+IM,FCC+D85
Co35Cr15Fe20Mo10Ni21,AC+1200C/48h+HR/1100C,SS+IM,FCC+D85
Co35Cr15Fe20Mo10Ni22,"AC+1200C/48h+HR/1100C
+800c/1h",SS+IM,FCC+D85
Co35Cr15Fe20Mo10Ni23,"AC+1200C/48h+HR/1100C
+850c/5min/WQ",SS+IM,FCC+D85
Co35Cr15Fe20Mo10Ni24,"AC+1200C/48h+HR/1100C
+900c/5min/WQ",SS+IM,FCC+D85
Co35Cr15Fe20Mo10Ni25,"AC+1200C/48h+HR/1100C
+1000c/1h",SS+IM,FCC+D85
Co35Cr15Fe20Mo10Ni26,"AC+1200C/48h+HR/1100C
+1150c/1h",SS,FCC
Co42.5Cr12.5Fe20Mo5Ni20,AC+1200C/48h,SS,FCC
Co5Cr2Fe40Mn27Ni26,AC,SS,FCC
Co5Cr2Fe40Mn27Ni27,AC+1200C/2h,SS,FCC
CoCr0.4Fe8Mn5.4Ni5.2,AC,SS,FCC
CoCr0.4Fe8Mn5.4Ni5.3,"AC+HR/900C(50%)+1200
C/2h/WQ",SS,FCC
CoCr0.4Fe8Mn5.4Ni5.4,"AC+HR/900C(50%)+1200
C/2h/WQ+CR(64%)+900C/
10min",SS,FCC
CoCr0.5FeNi,AC,SS,FCC
CoCr0.6FeNi,AC,SS,FCC
CoCr0.75FeMn0.75Ni,AC,SS,FCC
CoCr0.7FeNi,AC,SS,FCC
CoCr0.8FeNi,AC,SS,FCC
CoCr0.95FeNi,AC,SS,FCC
CoCr0.9FeNi,AC,SS,FCC
CoCr1.05FeNi,AC,SS,FCC
CoCr1.10FeNi,AC,SS,FCC
CoCr1.15FeNi,AC,SS,FCC
CoCr1.25FeMn0.25Ni,AC,SS,FCC
CoCr1.3FeMnNi0.10,"AC+1000C/24h+CR(80%)+
575C/1h",SS+IM,FCC+σ
CoCr1.3FeMnNi0.7,"AC+1000C/24h+CR(80%)+
1100C/1h",SS,FCC
CoCr1.3FeMnNi0.8,"AC+1000C/24h+CR(80%)+
800C/1h",SS,FCC
CoCr1.3FeMnNi0.9,"AC+1000C/24h+CR(80%)+
700C/1h",SS+IM,FCC+σ
CoCr1.5Fe3.5Mn0.5Ni2.5V,AC+1100C/6h,SS,FCC
CoCr2FeNi,AC,IM,FCC+σ
CoCrCu0.2FeNi,AC,SS,FCC
CoCrCu0.4FeNi,AC,SS,FCC
CoCrCu0.5FeNi,AC,SS,FCC
CoCrCu0.6FeNi,AC,SS,FCC
CoCrCu0.8FeNi,AC,SS,FCC
CoCrCu1FeNiTi0.5,AC,SS,FCC
CoCrCu2FeMnNi,AC,SS,2FCC
CoCrCuFeMn,AC,SS,FCC+BCC
CoCrCuFeMnNi,AC,SS,FCC
CoCrCuFeMnNiTiV,AC,SS+IM,2BCC+FCC+σ+Unk
CoCrCuFeNi,AC,SS,FCC
CoCrCuFeNiTi,AC,SS+IM,FCC+C14
CoCrCuFeNiTi0.5,AC,SS,2FCC
CoCrCuFeNiTi0.6,AC,SS,2FCC
CoCrCuFeNiTi0.8,AC,SS+IM,FCC+C14
CoCrCuFeNiTi2.5,AC,IM,Unk
CoCrCuNi,MA,SS,FCC
CoCrFe0.5Mn0.5Ni1.5,AC+700C/20h,SS,FCC
CoCrFe2.7MnNi,AC+900C/2h,SS,FCC
CoCrFe3.5Mn4.5,"AC+HR/900C(50%)+1200
C/2h/WQ",SS,FCC
CoCrFe4.5Mn3.5,"AC+HR/900C(50%)+1200
C/2h/WQ",SS,FCC
CoCrFe4Mn4,"AC+HR/900C(50%)+1200
C/2h/WQ",SS,FCC
CoCrFe5Mn3,"AC+HR/900C(50%)+1200
C/2h/WQ+CR(60%)+900C/
3min",SS,FCC+HCP
CoCrFe6MnNi,AC+900C/2h,SS,FCC
CoCrFeGaNi,AC,SS,FCC+BCC
CoCrFeGeMnNi,AC,SS,BCC+FCC
CoCrFeGeNi,AC,SS,FCC+BCC
CoCrFeMnNbNi,AC,SS,FCC
CoCrFeMnNi,AC,SS,FCC
CoCrFeMnNiNbC,AC,SS,FCC
CoCrFeMnNiTi,AC,SS,BCC+FCC
CoCrFeMnNiV,AC,SS+IM,FCC+σ
CoCrFeMnNiV0.25,AC,SS,FCC
CoCrFeMnNiV0.26,AC+1000C/24h,SS+IM,FCC+σ
CoCrFeMnNiV0.5,AC,SS,FCC
CoCrFeMnNiV0.6,AC+1000C/24h,SS+IM,FCC+σ
CoCrFeMnNiV0.75,AC,IM,FCC+σ
CoCrFeMnNiV0.76,AC+1000C/24h,SS+IM,FCC+σ
CoCrFeMnNiV1.0,AC,IM,Im
CoCrFeMo0.3Ni,AC,SS,FCC
CoCrFeMo0.5Ni,AM,IM,FCC+σ
CoCrFeMo0.5NiW0.5,MA,SS,BCC+FCC
CoCrFeMo0.85Ni,AM,SS+IM,FCC+σ+D85
CoCrFeMoNi,AC+1200C/48h,SS+IM,FCC+σ
CoCrFeNb0.103Ni,AC,SS+IM,FCC+C14
CoCrFeNb0.155Ni,AC,SS+IM,FCC+C14
CoCrFeNb0.206Ni,AC,SS+IM,FCC+C14
CoCrFeNb0.25Ni,AC,SS+IM,FCC+Laves
CoCrFeNb0.309Ni,AC,SS+IM,FCC+C14
CoCrFeNb0.412Ni,AC,SS+IM,FCC+C14
CoCrFeNi,AC,SS,2FCC
CoCrFeNiMn,AC,SS,FCC
CoCrFeNiMnC0.01,AC,SS,FCC
CoCrFeNiMo0.1,AC,SS,FCC
CoCrFeNiMo0.2,AC,SS,FCC
CoCrFeNiMo0.3,AC,IM,Im
CoCrFeNiNb0.1,AC,IM,Im
CoCrFeNiNb0.25,AC,IM,Im
CoCrFeNiNb0.5,AC,IM,Im
CoCrFeNiNb0.8,AC,IM,Im
CoCrFeNiPd,AC+CR,SS,FCC
CoCrFeNiPd2,AC+CR,SS,FCC
CoCrFeNiSn,Induction Melting,SS,FCC+BCC
CoCrFeNiTi,AC,SS+IM,BCC+FCC+E93
CoCrFeNiTi0.2,AC,IM,Im
CoCrFeNiTi0.3,AC,SS+IM,FCC+HCP+L12
CoCrFeNiTi0.4,AC,SS+IM,FCC+C14+IM+σ
CoCrFeNiTi0.5,AC,SS+IM,FCC+C36+σ+R
CoCrFeNiTi0.6,AC+700C/6h/FC,SS+IM,FCC+C14+IM+σ
CoCrFeNiTi0.7,AC+800C/6h/FC,SS+IM,FCC+C14+IM+σ
CoCrFeNiTi0.8,AC+1000C/6h/FC,SS+IM,FCC+IM+σ
CoCrFeNiTi0.9,AC,SS,FCC
CoCrFeNiV,AC,SS+IM,FCC+σ
CoCrFeNiV0.25,AC,SS,FCC
CoCrFeNiV0.5,AC,IM,Im
CoCrFeNiV0.7,AC,IM,Im
CoCrFeNiV0.8,AC,IM,Im
CoCrFeNiV0.9,AC,IM,Im
CoCrFeNiW,MA,SS,BCC+FCC
CoCrFeNiW0.2,AC,SS,FCC
CoCrFeNiW0.3,AC,SS,FCC
CoCrFeNiW0.5,AC,IM,Im
CoCrHf0.1FeNi,AC,IM,Im
CoCrHf0.2FeNi,AC,IM,Im
CoCrHf0.3FeNi,AC,IM,Im
CoCrHf0.4FeNi,AC,IM,Im
CoCrHf0.5FeNi,AC,IM,Im
CoCrHf0.6FeNi,AC,IM,Im
CoCrMnNi,AC,SS,FCC
CoCrMnNiV,AC+1000C/72h,IM,FCC+σ
CoCrMoNb,AC,SS+IM,BCC+Laves
CoCrMoNbTi,AC,SS+IM,BCC+Laves
CoCrMoNbTi0.2,AC,SS+IM,BCC+Laves
CoCrMoNbTi0.4,AC,SS,BCC
CoCrMoNbTi0.5,AC,SS+IM,BCC+Laves
CoCrMoNbTi1.0,AC,IM,Im
CoCrNi,AC,SS,FCC
CoCrNiMo0.05,PM,SS,FCC
CoCuFeMnNi,AC,SS,FCC
CoCuFeMnNiSn0.03,AC,SS,FCC
CoCuFeMnNiSn0.05,AC,IM,FCC+IM
CoCuFeMnNiSn0.08,AC,SS+IM,FCC+IM
CoCuFeMnNiSn0.1,AC,SS+IM,FCC+IM
CoCuFeMnNiSn0.2,AC,SS+IM,FCC+IM
CoCuFeNi,AC,SS,FCC
CoCuFeNiSn0.04,AC,SS+IM,FCC+IM
CoCuFeNiSn0.05,AC,SS+IM,FCC+IM
CoCuFeNiSn0.07,AC,SS+IM,FCC+IM
CoCuFeNiSn0.1,AC,SS+IM,FCC+IM
CoCuFeNiSn0.2,AC,SS+IM,FCC+IM
CoCuFeNiSn0.5,AC,SS+IM,FCC+IM
CoCuFeNiTi,AC,SS,FCC
CoCuFeNiV,AC,SS,FCC
CoCuHfNiTiZr,AC,IM,Im
CoFeMnMoNi,AC+1000C/72h,SS+IM,FCC+D85
CoFeMnNi,AC,SS,FCC
CoFeMnNiV,AC+1000C/72h,IM,FCC+σ
CoFeMnTi0.5VZr,AC,IM,C14
CoFeMnTi1.5VZr,AC,IM,C14
CoFeMnTi2.5VZr,AC,IM,C14
CoFeMnTi2VZr,AC,IM,C14
CoFeMnTiV0.4Zr,AC,IM,C14
CoFeMnTiV0.7Zr,AC,IM,C14
CoFeMnTiV1.3Zr,AC,IM,C14
CoFeMnTiV1.6Zr,AC,IM,C14
CoFeMnTiV2.3Zr,AC,IM,C14
CoFeMnTiV2.6Zr,AC,IM,C14
CoFeMnTiV2Zr,AC,IM,C14
CoFeMnTiV3Zr,AC,IM,C14
CoFeMnTiVZr,AC,IM,C14
CoFeMnTiVZr0.4,AC,IM,C14
CoFeMnTiVZr0.7,AC,IM,C14
CoFeMnTiVZr1.3,AC,IM,C14
CoFeMnTiVZr1.6,AC,IM,C14
CoFeMnTiVZr2,AC,IM,C14
CoFeMnTiVZr2.3,AC,IM,C14
CoFeMnTiVZr2.6,AC,IM,C14
CoFeMnTiVZr3,AC,IM,C14
CoFeNb0.75Ni2V0.10,AC+1000C/6h,SS+IM,FCC+NbNi4+Laves
CoFeNb0.75Ni2V0.5,AC,SS+IM,FCC+Laves
CoFeNb0.75Ni2V0.6,AC+500C/6h,SS+IM,FCC+Laves
CoFeNb0.75Ni2V0.7,AC+600C/6h,SS+IM,FCC+NbNi4+Laves
CoFeNb0.75Ni2V0.8,AC+700C/6h,SS+IM,FCC+NbNi4+Laves
CoFeNb0.75Ni2V0.9,AC+800C/6h,SS+IM,FCC+NbNi4+Laves
CoFeNi,AC,SS,FCC
CoFeNi2V0.5Mo0.2,AC,SS,FCC
CoFeNiSi0.25,AC,SS,FCC
CoFeNiSi0.5,AC,SS+IM,FCC+Ni3Si
CoFeNiSi0.75,AC,SS+IM,FCC+Ni3Si
CoFeReRu,AC,SS,HCP
CoMnNi,AC+1100/24h/WQ,SS,FCC
CoNi,AC,SS,FCC
Cr0.22Ta0.23Ti0.07V0.23W0.24,SPS,SS+IM,BCC+Laves
Cr0.23Ta0.24Ti0.04V0.24W0.25,SPS,SS+IM,BCC+Laves
Cr0.5CuFeMn0.5Ni,AC,SS,2FCC
Cr0.5CuFeMnNi0.5,AC,SS,BCC+2FCC
Cr0.5MoNbTaVW,AC,SS,BCC
Cr0.66FeMnNi,"AC+1200C/24h/WQ+CR(8
6%)+900C/1h",SS,FCC
Cr0.75FeNi2.25V,"AC+1100C/6h+800C/10mi
n",SS+IM,FCC+σ
Cr1.25Cu0.75MnFeNi,AC,SS,FCC+BCC
Cr1.5Cu0.5MnFeNi,AC,SS,FCC+BCC
Cr1.75Cu0.25MnFeNi,AC,SS,FCC+BCC
Cr10Nb30Ti30Zr30,AC,SS,BCC
Cr20Fe6Co34Ni34Mo6,AC,SS,FCC
Cr26Mn20Fe20Co20Ni14,AC,SS,FCC
Cr2CuFe2MnNi,AC,SS,BCC+2FCC
Cr2MnFeNi,AC,SS,FCC+BCC
Cr2MoNbTaVW,AC,SS,2BCC
CrCoCuFeNi,AC,SS,FCC
CrCoFeNiMn,AC,SS,FCC
CrCu0.5FeMnNi,AC,SS,2FCC
CrCu0.7FeNi,AC,SS,2FCC
CrCuFe0.5Mn0.5Ni,AC,SS,BCC+2FCC
CrCuFe0.5MnNi0.5,AC,SS,BCC+FCC
CrCuFeMn2Ni2,AC,SS,FCC
CrCuFeMnNi,AC,SS,BCC+2FCC
CrCuFeNiZr,AC,SS+IM,BCC+Unk
CrFe1.5MnNi0.5,AC,SS+IM,BCC+σ
CrFe1.5MnNi0.6,AC,SS+IM,FCC+σ
CrFe1.5MnNi0.7,AC+700C/20h,SS+IM,FCC+σ
CrFe2Mn1.25Ni0.75,AC,SS,BCC+FCC
CrFeCoNiCu,AC,SS,FCC
CrFeCoNiCuTi0.5,AC,IM,Im
CrFeMnNiTi,AC+1000C/72h,SS+IM,A12+BCC+C14+Unk
CrFeMnV,AC,SS,BCC
CrFeNi,AC,SS,FCC
CrFeNi2V0.5W,AC,SS+IM,FCC+BCC+σ
CrFeNi2V0.5W0.25,AC,SS+IM,FCC+σ
CrFeNi2V0.5W0.5,AC,SS+IM,FCC+BCC+σ
CrFeNi2V0.5W0.75,AC,SS+IM,FCC+BCC+σ
CrFeNiTi,MA,SS+IM,2FCC+σ
CrFeNiV0.5W,AC,SS+IM,FCC+BCC+σ
CrFeNiV0.5W0.25,AC,SS+IM,FCC+σ
CrFeNiV0.5W0.5,AC,SS+IM,FCC+BCC+σ
CrFeNiV0.5W0.75,AC,SS+IM,FCC+BCC+σ
CrFeTaVW,AC,IM,Im
CrHfNbTiZr,AC,SS+IM,BCC+Laves
CrMn0.3FeVCu0.06,AC,SS,FCC+BCC
CrMn0.5FeVCu0.10,AC,SS,FCC+BCC
CrMn0.7FeVCu0.14,AC,SS,FCC+BCC
CrMnFeCoNi,AC,SS,FCC
CrMnFeVCu0.20,AC,SS,FCC+BCC
CrMnNbTiV,Not Mentioned,IM,Laves+Unk
CrMo0.5NbTa0.5TiZr,AC,SS+IM,2BCC+C15
CrMoNbTaTiV1W1Zr,AC,SS,BCC
CrMoNbTaTiVZr,AC,SS,BCC
CrMoNbTaVW,AC,SS,BCC
CrMoNbTiV,AC,SS,BCC
CrMoNbTiW,PM,IM,Im
CrMoNbTiZr,AC,IM,Im
CrNbTiVZr,"AC+HP/1200C/207MPa/2h
+1200C/24h/FC",SS+IM,BCC+C15
CrNbTiZr,AC,SS,BCC
CrTaVW,SPS,SS+IM,BCC+Laves
Cu0.25AlCoCrFeNiTi0.5,AC,SS,BCC
Cu0.5AlCoCrFeNiTi0.5,AC,SS,BCC
DyGdHoLuTb,AC,SS,HCP
DyGdHoTbY,AC,SS,HCP
DyGdLuTbTm,AC,SS,HCP
DyGdLuTbY,AC,SS,HCP
Fe17.8Co17.8Ni17.8Cr17.8Mn17.8Al11,AC,SS,FCC+BCC
Fe18.2Co18.2Ni18.2Cr18.2Mn18.2Al9,AC,SS,FCC+BCC
Fe18.4Co18.4Ni18.4Cr18.4Mn18.4Al8,AC,SS,FCC+BCC
Fe18.6Co18.6Ni18.6Cr18.8Mn18.8Al7,AC,SS,FCC+BCC
Fe18Co18Ni18Cr18Mn18Al10,AC,SS,FCC+BCC
Fe19.2Co19.2Ni19.2Cr19.2Mn19.2Al4,AC,SS,FCC
Fe19.6Co19.6Ni19.6Cr19.6Mn19.6Al2,AC,SS,FCC
Fe19.96Mn19.96Ni19.96Co19.96Cr19.96C0.2,AC,SS,FCC
Fe19.96Mn19.96Ni19.96Co19.96Cr19.96C0.5,AC,SS,FCC
Fe19.96Mn19.96Ni19.96Co19.96Cr19.96C0.8,AC,SS,FCC
Fe20Co23Ni17Cr20Mn20,AC,SS,FCC
Fe20Co27Ni13Cr20Mn20,AC,SS,FCC
Fe22Co20Ni19Cr20Mn12Al7,AC,IM,Im
Fe28Ni18Mn33Al21,AC,IM,Im
Fe29Ni19Mn38Al14,AC,IM,Im
Fe30Ni20Mn35Al15,AC,IM,Im
Fe31Ni18Mn38Al13,AC,IM,Im
Fe33.5Ni33.5Cr15Mn10Al3Ti5,AC,IM,Im
Fe33.5Ni33.5Cr15Mn10Al4Ti4,AC,IM,Im
Fe33.5Ni33.5Cr15Mn10Al5Ti3,AC,IM,Im
Fe33Ni17Mn38Al12,AC,IM,Im
Fe33Ni19Mn34Al14,AC,IM,Im
Fe34Cr34Ni14Al14Co4,AC,IM,Im
Fe34Ni16Mn39Al11,AC,IM,Im
Fe36Co21Cr18Ni15Al10,AC,IM,Im
Fe36Ni18Mn33Al13,AC,IM,Im
Fe36Ni18Mn33Al13C1.26,AC,IM,Im
Fe36Ni18Mn33Al13Ti2,AC,IM,Im
Fe36Ni18Mn33Al13Ti4,AC,IM,Im
Fe36Ni18Mn33Al13Ti6,AC,IM,Im
Fe37.5Ni37.5Cr15Mn10,AC,SS,BCC
Fe37Mn45Co9Cr9,AC,SS,FCC
Fe40.4Ni11.3Mn34.8Al7.5Cr6C1.1,AC,SS,FCC
Fe40Mn27Ni26Co5Cr2,AC,SS,FCC
Fe40Mn40Co10Cr10,AC,SS,FCC
Fe45Cr10V10Co10Ni25,AC,SS,FCC
Fe45Cr10V10Co20Ni15,AC,IM,Im
Fe45Cr10V10Co30Ni5,AC,IM,Im
Fe45Cr10V10Co35,AC,IM,Im
Fe50Mn30Co10Cr10,AC,IM,Im
Fe68.25Mn27Al4.1Si0.52Nb0.05C0.08,AC,IM,Im
Fe70.04Mn28Al1.6Si0.28C0.08,AC,IM,Im
Fe73.03Mn25Al1.6Si0.24Nb0.05C0.08,AC,IM,Im
FeCoCrAlCuNi,Coating,SS,FCC+BCC
FeCoCrAlCuV0.2Ni,Coating,SS,FCC+BCC
FeCoCrAlCuV0.5Ni,Coating,SS,FCC+BCC
FeCoCrAlCuVNi,Coating,SS,FCC
FeCoNiCr,AC,IM,Im
FeCoNiCrMn,AC,SS,FCC
FeCrCoMnNi,AC,SS,FCC
FeMnNi,AC,SS,FCC
FeMnNiCoCr,AC,SS,FCC
Hf0.4Nb1.54Ta1.54Ti0.89Zr0.64,AC,SS,BCC
Hf0.5Mo0.5NbTiZr,AC,SS,BCC
Hf0.5Mo0.5NbTiZrC0.1,AC,IM,Im
Hf0.5Mo0.5NbTiZrC0.3,AC,IM,Im
Hf0.5Nb0.5Ta0.5Ti1.5Zr,AC,SS,BCC
Hf0.75NbTa0.5Ti1.5Zr1.25,AC,SS,BCC
Hf0.8Nb0.31Ta0.31Ti0.18Zr0.13,AC,SS,BCC
Hf1.375Nb0.25Ta0.25Ti1.75Zr1.375,AC,SS,BCC
HfMo0.25NbTaTiZr,AC,SS,BCC
HfMo0.2Ti2V0.5Zr,AC,SS,BCC
HfMo0.5Nb0.5TiZr,AC,SS,BCC
HfMo0.5NbTaTiZr,AC,SS,BCC
HfMo0.5NbTiV0.5,AC,SS,BCC
HfMo0.5NbTiV0.5Si0.3,AC,IM,Im
HfMo0.5NbTiV0.5Si0.5,AC,IM,Im
HfMo0.5NbTiV0.5Si0.7,AC,IM,Im
HfMo0.75NbTaTiZr,AC,SS,BCC
HfMoNbSi0.3TiV,AC,SS+IM,BCC+Silicide
HfMoNbSi0.5TiV,AC,SS+IM,BCC+Silicide
HfMoNbSi0.7TiV,AC,SS+IM,BCC+Silicide
HfMoNbTaTi,AC,SS,BCC
HfMoNbTaTiVWZr,AC,SS+IM,2BCC+C15+Unk
HfMoNbTaTiVZr,AC,SS,2BCC
HfMoNbTaTiZr,AC,SS,BCC
HfMoNbTaZr,AC,SS,BCC
HfMoNbTiZr,AC,IM,Im
HfMoTaTiZr,AC,SS,BCC
HfNb0.18Ta0.18Ti1.27Zr,AC,SS,BCC
HfNb0.5Ta0.5TiZr,AC,SS,BCC
HfNb0.5TiV0.5Zr,AC,SS,BCC
HfNb2TiVZr2,AC,SS,BCC
HfNb3Ta3TiZr,AC,SS,BCC
HfNbTaTiV1Zr,AC,SS,BCC
HfNbTaTiZr,AC,SS,BCC
HfNbTaTiZrMoW,AC,SS,BCC
HfNbTaTiZrW,AC,SS,BCC
HfNbTaZr,AC,SS,BCC
HfNbTi,AC,SS,BCC
HfNbTiVZr,AC,SS,BCC
HfNbTiZr,AC,SS,BCC
HfNbZr,AC,SS,BCC
HfTa0.4TiZr,AC,SS,BCC+HCP
HfTa0.5TiZr,AC,SS,BCC+HCP
HfTa0.6TiZr,AC,SS,BCC+HCP
HfTaTiZr,AC,SS,BCC
La0.02Pb0.98SeSnTe,AC+873K/120h+MA+SPS,SS,FCC
La0.04Pb0.96SeSnTe,AC+873K/120h+MA+SPS,SS,FCC
La0.06Pb0.94SeSnTe,AC+873K/120h+MA+SPS,SS,FCC
La0.08Pb0.92SeSnTe,AC+873K/120h+MA+SPS,SS,FCC
La0.1Pb0.9SeSnTe,AC+873K/120h+MA+SPS,SS,FCC
Mo0.1NbTiV0.3Zr,AC,SS,BCC
Mo0.3NbTiV0.3Zr,AC,SS,BCC
Mo0.3NbTiVZr,AC,SS,BCC
Mo0.5NbHf0.5ZrTi,AC,SS,BCC
Mo0.5NbHf0.5ZrTiSi0.1,AC,SS,BCC
Mo0.5NbHf0.5ZrTiSi0.3,AC,IM,Im
Mo0.5NbHf0.5ZrTiSi0.5,AC,IM,Im
Mo0.5NbHf0.5ZrTiSi0.7,AC,IM,Im
Mo0.5NbHf0.5ZrTiSi0.9,AC,IM,Im
Mo0.5NbTiV0.3Zr,AC,SS,BCC
Mo0.5NbTiVZr,AC,SS,BCC
Mo0.7NbTiV0.3Zr,AC,SS,BCC
Mo0.7NbTiVZr,AC,SS,BCC
Mo1.3NbTiV0.3Zr,AC,SS,BCC
Mo1.3NbTiVZr,AC,SS,BCC
Mo1.5NbHfZrTi,AC,SS,BCC
Mo1.5NbTiV0.3Zr,AC,SS,BCC
Mo1.5NbTiVZr,AC,SS,2BCC
Mo1.7NbTiVZr,AC,SS,2BCC
Mo2NbTiVZr,AC,SS,2BCC
MoNb0.5HfZrTi,AC,SS,BCC
MoNb1.5HfZrTi,AC,SS,BCC
MoNbHf0.5ZrTi,AC,SS,BCC
MoNbHf1.5ZrTi,AC,SS,BCC
MoNbHfZr0.5Ti,AC,SS,BCC
MoNbHfZr1.5Ti,AC,SS,BCC
MoNbHfZrTi,AC,SS,BCC
MoNbHfZrTi0.5,AC,SS,BCC
MoNbHfZrTi1.5,AC,SS,BCC
MoNbTaTi0.25W,AC,SS,BCC
MoNbTaTi0.5W,AC,SS,BCC
MoNbTaTi0.75W,AC,SS,BCC
MoNbTaTiV,AC,SS,BCC
MoNbTaTiVW,AC,SS,BCC
MoNbTaTiVZr,AC,SS,BCC
MoNbTaTiW,AC,SS,BCC
MoNbTaTiZr,AC,SS,BCC
MoNbTaV,AC,SS,BCC
MoNbTaVW,AC,SS,BCC
MoNbTaW,AC,SS,BCC
MoNbTiV,AC,SS,BCC
MoNbTiV0.25Zr,AC,SS,2BCC
MoNbTiV0.3Zr,AC,SS,BCC
MoNbTiV0.5Zr,AC,SS,2BCC
MoNbTiV0.75Zr,AC,SS,2BCC
MoNbTiV1.5Zr,AC,SS,2BCC
MoNbTiV2Zr,AC,SS,2BCC
MoNbTiV3Zr,AC,SS,2BCC
MoNbTiVZr,AC,SS,BCC
MoNbTiZr,AC,SS,2BCC
MoPdRhRu,AC,SS,HCP
MoRhRu,AC,SS,HCP
MoTaTiV,AC,SS,BCC
MoTaTiVZr,AC,SS,BCC
Nb0.5TaTiZr1.5,AC,SS,BCC
Nb1.5TaTiZr0.5,AC,SS,BCC
Nb42Mo20Ti13Cr12V12Ta1,PM,IM,Im
NbCrMo0.5Ta0.5TiZr,AC,IM,Im
NbMoTa,PM,SS,BCC
NbMoTaW,AC,SS,BCC
NbMoTaWVTi,PM,SS,FCC+BCC
NbTa0.2Ti1.8Zr,AC,SS,BCC
NbTa0.4Ti1.6Zr,AC,SS,BCC
NbTa0.6Ti1.4Zr,AC,SS,BCC
NbTa0.8Ti1.2Zr,AC,SS,BCC
NbTaTi,AC,SS,BCC
NbTaTi30Zr,AC,SS,BCC
NbTaTi35Zr,AC,SS,BCC
NbTaTi40Zr,AC,SS,BCC
NbTaTi45Zr,AC,SS,BCC
NbTaTiV,AC,SS,BCC
NbTaTiVW,AC,SS,BCC
NbTaTiVZr,"AC+HP/1400C/276MPa/2h
+1400C/6h",SS,BCC
NbTaTiZr,AC,SS,BCC
NbTaVW,AC,SS,BCC
NbTiV0.3Zr,AC,SS,BCC
NbTiV2Zr,AC,SS,BCC
NbTiV3Zr,AC,SS,BCC
NbTiV4Zr,AC,SS,BCC
NbTiV5Zr,AC,SS,BCC
NbTiVTa,AC,SS,BCC
NbTiVZr,AC,SS,BCC
NbTiZr,AC,SS,BCC
Ni1.5Co1.5CrFeTi0.5,AC,SS,BCC
Ni14Fe20Cr26Co20Mn20,AC,SS,FCC+BCC
Ni18.5Fe18.5Cr18.5Co26Mn18.5,AC,SS,FCC
Ni30Co30Cr10Fe10Al18W2,AC,IM,Im
Ni46Co22Al12Cr8Fe8Ti3Mo1,PM,IM,Im
NiCoFeCrAl0.59,AC,SS,FCC
NiCoFeCrAl0.70,AC,SS,FCC+BCC
NiCoFeCrAl0.75,AC,SS,FCC+BCC
NiCoFeCrAl1.0,AC,SS,FCC+BCC
NiCoFeCrAl1.21,AC,SS,FCC+BCC
NiCoFeCrAl1.5,AC,SS,BCC
NiFeCrCoMn,AC,SS,FCC
PbSeSnTe,AC+873K/120h+MA+SPS,SS,FCC
Re10Nb30Ti30Zr30,AC,IM,Im
Ta0.4ZrHfTi,AC,SS,BCC
Ta0.5ZrHfTi,AC,SS,BCC
Ta0.6ZrHfTi,AC,SS,BCC
Ta10Nb30Ti30Zr30,AC,SS,BCC
Ti1.89CrNbV0.56,AC,SS,BCC
Ti20Zr15Hf15Ni20Co15Cu15,AC,IM,Im
Ti25Zr25Nb25Ta25,AC,SS,BCC
Ti25Zr25Ni16.67Co16.67Cu16.67,AC,IM,Im
Ti2ZrHf0.5V,AC,SS,BCC
Ti2ZrHf0.5VNb,AC,SS,BCC
Ti2ZrHf0.5VNb0.25,AC,SS,BCC
Ti2ZrHf0.5VNb0.5,AC,SS,BCC
Ti2ZrHf0.5VNb0.75,AC,SS,BCC
Ti30Zr10Hf10Ni30Co10Cu10,AC,IM,Im
Ti30Zr20Ni30Co10Cu10,AC,IM,Im
Ti30Zr25Nb25Ta20,AC,SS,BCC
Ti35Zr25Nb25Ta15,AC,SS,BCC
Ti40Zr10Ni40Co5Cu5,AC,IM,Im
Ti40Zr25Nb25Ta10,AC,SS,BCC
Ti45Zr25Nb25Ta5,AC,SS,BCC
TiZrHfCr0.2Mo,AC,SS,BCC
TiZrNbMo,AC,SS,BCC
TiZrNbMoV,AC,SS,BCC
TiZrNbMoV0.25,AC,SS,BCC
TiZrNbMoV0.5,AC,SS,BCC
TiZrNbMoV0.75,AC,SS,BCC
TiZrNbMoV1.5,AC,SS,BCC
TiZrNbMoV2,AC,SS,BCC
TiZrNbMoV3,AC,SS,BCC
TiZrNbTa,AC,SS,BCC
TiZrNbV,AC,SS,BCC
TiZrNbVMo1.7,AC,SS,BCC
TiZrNbVMo2.0,AC,SS,BCC
V10Cr10Fe45Co10Ni25,AC,SS,FCC
V10Cr10Fe45Co20Ni15,AC,SS,FCC
V10Cr10Fe45Co30Ni5,AC,SS,FCC+BCC
V10Cr10Fe45Co35Ni0,AC,SS,FCC+BCC
V10Cr15Mn5Fe35Co10Ni25,AC,SS,FCC
VCrFeTa0.1W0.1,AC,SS,BCC
VCrFeTa0.2W0.2,AC,SS,BCC
VCrFeTa0.3W0.3,AC,SS,BCC
VCrFeTa0.4W0.4,AC,IM,Im
VNbMoTaW,AC,SS,BCC
W0.16NbMoTa,PM,SS,BCC
W0.33NbMoTa,PM,SS,BCC
W0.53NbMoTa,PM,SS,BCC
Zr2.0TiHfVNb2.0,AC,SS,BCC
ZrTiHfCuNiFe,AC,SS,BCC
ZrTiHfNb0.5Mo0.5,AC,SS,BCC
ZrTiHfNb0.5Ta0.5,AC,SS,BCC
ZrTiHfV0.5Nb0.5,AC,SS,BCC
